------------------ USER Data ------------------

-- Dummy data for User Table
-- Default password: 123456
INSERT INTO user (user_id, password, username, role) VALUES (100001,'$2a$10$B4FvjVc2oXqDTFdGGZjT5urzHS6TSdzrQ7p/vFi1rUuZgjXR4.m5K', 'gagan', 'Admin');
INSERT INTO user (user_id, password, username, role) VALUES (100002,'$2a$10$B4FvjVc2oXqDTFdGGZjT5urzHS6TSdzrQ7p/vFi1rUuZgjXR4.m5K', 'admin', 'Admin');
INSERT INTO user (user_id, password, username, role) VALUES (100003,'$2a$10$B4FvjVc2oXqDTFdGGZjT5urzHS6TSdzrQ7p/vFi1rUuZgjXR4.m5K', 'rhoda', 'User');
INSERT INTO user (user_id, password, username, role) VALUES (100004,'$2a$10$B4FvjVc2oXqDTFdGGZjT5urzHS6TSdzrQ7p/vFi1rUuZgjXR4.m5K', 'olive', 'User');
INSERT INTO user (user_id, password, username, role) VALUES (100005,'$2a$10$B4FvjVc2oXqDTFdGGZjT5urzHS6TSdzrQ7p/vFi1rUuZgjXR4.m5K', 'aida', 'User');
INSERT INTO user (user_id, password, username, role) VALUES (100006,'$2a$10$B4FvjVc2oXqDTFdGGZjT5urzHS6TSdzrQ7p/vFi1rUuZgjXR4.m5K', 'john', 'User');
-- MYSQL sequence
-- UPDATE user_id_sequence SET next_val = 100021;
-- H2 sequence
ALTER sequence user_id_sequence restart with 100007;

-- Dummy data for Address
INSERT INTO address (address_id, area, city, pincode, state) VALUES (100001,'Union Street','Mumbai','198106','Maharashtra');
INSERT INTO address (address_id, area, city, pincode, state) VALUES (100002,'Stonepot Road','Pune','307102','Maharashtra');
INSERT INTO address (address_id, area, city, pincode, state) VALUES (100003,'Adams Drive','Banglore','477002','Karnataka');
INSERT INTO address (address_id, area, city, pincode, state) VALUES (100004,'Illinois Avenue','Mumbai','597223','Maharashtra');
INSERT INTO address (address_id, area, city, pincode, state) VALUES (100005,'Hog Camp Road','Mumbai','660525','Maharashtra');
INSERT INTO address (address_id, area, city, pincode, state) VALUES (100006,'West Fork Drive','Pune','744113','Maharashtra');

-- Dummy data for User detail
INSERT INTO user_details (user_details_id, first_name, last_name, email_id, phone_no, security_question, security_answer, address_id) VALUES (100001, 'Gagandeep', 'Singh', 'singh.gagandeep3911@gmail.com', '8419969059', 'Default Question', 'answer', 100001);
INSERT INTO user_details (user_details_id, first_name, last_name, email_id, phone_no, security_question, security_answer, address_id) VALUES (100002, 'Stefani', 'Germanotta', 'stefani@mail.com', '9876543210', 'Default Question', 'answer', 100002);
INSERT INTO user_details (user_details_id, first_name, last_name, email_id, phone_no, security_question, security_answer, address_id) VALUES (100003, 'Rhoda', 'Report', 'rhoda@mail.com', '8877669059', 'Default Question', 'answer', 100003);
INSERT INTO user_details (user_details_id, first_name, last_name, email_id, phone_no, security_question, security_answer, address_id) VALUES (100004, 'Olive', 'Yew', 'olive@mail.com', '3443312345', 'Default Question', 'answer', 100004);
INSERT INTO user_details (user_details_id, first_name, last_name, email_id, phone_no, security_question, security_answer, address_id) VALUES (100005, 'Aida', 'Bugg', 'aida@mail.com', '7576788679', 'Default Question', 'answer', 100005);
INSERT INTO user_details (user_details_id, first_name, last_name, email_id, phone_no, security_question, security_answer, address_id) VALUES (100006, 'John', 'Doe', 'john@mail.com', '9966553322', 'Default Question', 'answer', 100006);

ALTER sequence address_id_sequence restart with 100007;

INSERT INTO product_category(category_id, category_name, category_description, category_image_url) VALUES (100001, 'Stationery', 'Commercially manufactured writing materials', 'https://previews.123rf.com/images/stuartphoto/stuartphoto1705/stuartphoto170500652/77522615-stationery-store-meaning-office-supplies-shops-3d-illustration.jpg');

INSERT INTO product_category(category_id, category_name, category_description, category_image_url) VALUES (100002, 'Toys', 'an object for a child to play with', 'https://taiken.co/uploads/2019/05/Kawaii_Culture_001-1200x1047.jpg');

-- TODO Add 4 more category

ALTER sequence category_id_sequence restart with 100007;

INSERT INTO cart VALUES (100001);
INSERT INTO cart VALUES (100002);
INSERT INTO cart VALUES (100003);
INSERT INTO cart VALUES (100004);
INSERT INTO cart VALUES (100005);
INSERT INTO cart VALUES (100006);

INSERT INTO product_info (product_id, product_name, product_price, product_stock, product_description, product_icon, product_status, product_category, discount_percent) VALUES (100001, 'Teddy Bear', 1200, 99, 'A stuffed toy is a toy doll with an outer fabric sewn from a textile and stuffed with flexible material', 'https://www.wellandgood.com/wp-content/uploads/2019/01/Stocksy-Teddy-Bear-Marta-Locklear.jpg', 'ENABLED', 100002, 20);

INSERT INTO product_info (product_id, product_name, product_price, product_stock, product_description, product_icon, product_status, product_category, discount_percent) VALUES (100002, 'Color Pencils', 200, 99, 'Colored drawing pencil for kids', 'https://previews.123rf.com/images/kenishirotie/kenishirotie1801/kenishirotie180100009/92727823-spectrum-color-pencils-set-arranged-in-s-curve-isolated-on-white-background.jpg', 'ENABLED', 100001, 30);

-- TODO Add 25 more items

ALTER sequence product_id_sequence restart with 100026;

-- ORDER Table
INSERT INTO ORDER_MAIN (order_id, buyer_address, buyer_city, buyer_email, buyer_pincode, buyer_state, buyer_name, buyer_phone, order_amount, order_status, payment_type, payment_id, user_id, discounted_amount, delivery_charge, final_price) VALUES (100001, 'Powai, near D-Mart', 'Mumbai', 'gagandeep@mail.com', '400072', 'Maharashtra', 'Gagandeep Singh', '8419969059', 1200, 'DISPATCHED', 'ONLINE', '100001', 100001, 840, 200, 1040);
-- TODO Add 4 more items

ALTER sequence order_id_sequence restart with 100002;

-- To be purchased product

INSERT INTO product_in_order (product_in_order_id, cart_id, order_id, product_id, product_name, product_description, product_icon, product_category, product_price, product_stock, discount_percent) VALUES (100001, 100001, null, 100001, 'Teddy Bear', 'A stuffed toy is a toy doll with an outer fabric sewn from a textile and stuffed with flexible material', 'https://www.wellandgood.com/wp-content/uploads/2019/01/Stocksy-Teddy-Bear-Marta-Locklear.jpg', 'Toys', 1200, 1, 20);

INSERT INTO product_in_order (product_in_order_id, cart_id, order_id, product_id, product_name, product_description, product_icon, product_category, product_price, product_stock, discount_percent) VALUES (100002, null, 100001, 100001, 'Large Teddy Bear', 'A stuffed toy is a toy doll with an outer fabric sewn from a textile and stuffed with flexible material', 'https://www.wellandgood.com/wp-content/uploads/2019/01/Stocksy-Teddy-Bear-Marta-Locklear.jpg', 'Toys', 1200, 1, 30);

-- TODO Add 9 more items

ALTER sequence product_order_id_sequence restart with 100010;

